{ 
    "APP":{
        "IP": "192.168.158.3",
        "PORT": 8887,
        "Pose_Type_Num" : 6,
        "Pose_Param_Num" : 0,
        "Pose_Param_Num2" : 0
    },
    "ROBOT1":{
        "NAME":"left_arm",
        "griper":"left_gripper",
        "Euler":"xyz",
        "Gripper_ratate":0,
        "Calib_martix": [
            [
                0.021726474151661682,
                -0.5177740938762573,
                -0.8552414559827876,
                0.14701597499683036
            ],
            [
                0.018710997069809793,
                -0.8550829646180165,
                0.5181534736047979,
                0.09190812735114612
            ],
            [
                -0.9995888449305499,
                -0.02726006842774214,
                -0.00888986837495743,
                -0.07857230179600286
            ],
            [
                -0.0,
                0.0,
                -0.0,
                1.0
            ]
        ],
        "move_limit":[-98,300]
    },
        
    "ROBOT2":{
        "NAME":"right_arm",
        "griper":"right_gripper",
        "Euler":"xyz",
        "Gripper_ratate":0,
        "Calib_martix":[
            [
                -0.011535504535896019,
                0.5129719491692346,
                0.8583278578146107,
                -0.14996836830630386
            ],
            [
                0.040977899594497665,
                -0.8574213631722166,
                0.512980913602759,
                0.09186953369009686
            ],
            [
                0.999093461033514,
                0.04108996643238013,
                -0.01112972500380337,
                -0.15043968854307396
            ],
            [
                -0.0,
                0.0,
                -0.0,
                1.0
            ]
        ],
        "move_limit":[-90,500]
    },


    "Pose_List":{
        "basic_pose":{
            "disp":["一些比较固定的坐标点，下方调用可以直接选择"],
            "r_home_joint":[0.563, 1.018, 0.0, 1.387, -1.088, 0.147, 1.7],
            "l_home_joint":[-0.563, -0.703, -0.0, -1.387, 0.771, -0.148, -1.701],

            "r_place1":[101.173, 407.308, 150.817, -177.746, 32.89, -140.471],
            "r_place2":[68.264, 425.584, -107.911, 176.077, -1.557, -158.206],
            "r_place3":[56.114, 405.572, -43.353, 166.907, 16.203, -161.832],
            "l_place1":[-120.488, 481.355, 50.639, -177.45, -51.806, 128.97],
            "l_place2":[-34.41, 464.845, -124.294, 164.703, 3.665, 150.529],
            "l_place3":[-53.718, 482.865, -94.221, 174.02, -33.48, 136.933]

        },
        "disp":{
            "warming1":["_是用来做排序的,命名不要加_"],
            "warming2":["坐标填0时不会使用,填6个元素才会被用到,不对应元素数量会报错"],
            "apose_n":["l_app_pose","r_app_pose"]},
            "tpose_n":[["teach_pose"],["基座标系下偏移量"],["抓取点坐标系下偏移量"],["使用第几个坐标,0为第一个、前延时、夹具开合1合0开、后延时、机械臂选择 left_arm / right_arm、运动速度"],["是否等待运动完毕后再执行下一步 0 / 1"]],
            "jpose_n":[["joint_pose"],["前延时、夹具开合量、后延时、机械臂选择 left_arm / right_arm、运动速度、运动方式 MoveL / MoveJ"]],
        "demo":{
            "apose1":[[0],[0]],
            "tpose1_1":[[0],[0],[0],[0,0,0,"left_arm",100]],
            "tpose1_2":[[0],[0],[0],[0,0,0,"left_arm",100]],
            "jpose1_3":[[0],[0,0,0,"left_arm",100,"MoveJ"]],
            "tpose1_4":[[0],[0],[0],[0,0,0,"left_arm",100]]
        },
        "抓笔放笔":{
            "apose":[[0,0,0,0,0,0],[0,0,0,0,0,0]],
            "sda":{"a":0,"asd1":1},
            "tpose_1":[[0],[0,0,20],[0]          ,[0, 0,   0.8,   0,   "all",100]],
            "tpose_2":[[0],[0,0,-17],[0]         ,[0, 0.1, 0.2,   1.5,   "all",100]],
            "tpose_3":[[0],[0,0,20],[0]          ,[0, 0,   0.2,   0,   "all",100]],
            "disp1":["放笔示教"],
            "tpose_5":[["place1"],[0],[0]       ,[0, 0,   0.2,   0,   "all",100]],
            "tpose_6":[["place2"],[0],[0]           ,[0, 0, 0.2,   0,   "all",100]],
            "tpose_7":[["place2"],[0,0,-30],[0]          ,[0, 0,   0.8,   0.5,   "all",100]],
            "tpose_9":[["place3"],[0],[0]          ,[0, 0,   0.8,   0,   "all",100]],    
            "jpose_8":[["home_joint"],[0],[0]  ,[0, 0,   0.8,   0,   "all",100]]
        },
        "抓笔放笔1":{
            "apose":[[0,0,0,0,0,0],[0,0,0,0,0,0]],
            "tpose_1":[[0],[0,0,20],[0]          ,[0, 0,   0.8,   0,   "all",100]],
            "tpose_2":[[0],[0,0,-20],[0]           ,[0, 0.1, 0.2,   1.5,   "all",100]],
            "tpose_3":[[0],[0,0,20],[0]          ,[0, 0,   0.2,   0,   "all",100]],
            "disp1":["放笔示教"]
        }
    },


    "Language":{
        "Language":"Chinese",
        "Chinese": {
            "calibration_error":["APP请求标定信号:[{}]与设置标定信号:[{}]不一致"],
            "wait_calib_sign":["等待接受视觉发送的标定信号：{}",1],
            "send_msg":["{}发送信息：{}",1],
            "robot_joint_pose":["{}当前joint位姿:{}",1],     
            "robot_cart_pose":["{}当前cart位姿:{}",1],     
            "connect app": ["视觉服务器连接中...",1],
            "connection success": ["连接成功...",1],
            "connection failed": ["视觉服务器连接失败...",1],
            "app recv msg": ["APP接收到触发信号:{}",1],
            "app return msg": ["APP返回信息:{}",1],
            "detection failed": ["APP返回信息:{}，识别失败，正在重新触发...",1],
            "MoveL":["即将运动位置{}",1],
            "Initialize_disp":["Initialize.py对应的日志显示"],
            "load config": ["加载配置文件{}...",1],
            "MoveL success": ["{}  MoveL坐标:{}",1],
            "MoveJ success": ["{}  MoveJ坐标:{}",1],
            "25": ["返回信息携带参数，参数为{}",1] ,
            "poseturning": ["{}机器人坐标{}:{} -- 相机坐标转为机器人坐标",1],
            "base_offset": ["基座标偏移量未完善",1] ,
            "teach_msg": ["示教坐标:input{},output{}",1] ,
            "gripper_status":["夹具前等待{}秒，状态{}，后等待{}秒",1] ,
            "move_status":["运行|{}|:{}点位——————————————————————————",1],
            "use_arm":["使用{}抓取",1] ,
            "pose_deal":["{}:抓取点rz变为 {},放置点rz变为 {}",1],
            "24": ["{}当前工具坐标为{}" ,1],
            "pose_deal2":["值超过180,{}:抓取点rz变为 {},放置点rz变为 {}",1],
            "teach":["示教法 robot_pose:{},shotpose:{},grabpose{}",1],
            "exit1":["抓取点为{},Z值小于{},退出程序",1],
            "Runs":["————————————————————当前已运行{}次——————————————————————————",1]
        },
        "English": {  
            "1": ["Loading configuration file {}...",1]
        }  
    }
}